Pass,Result,Profit,Expected Payoff,Profit Factor,Recovery Factor,Sharpe Ratio,Custom,Equity DD %,Trades,InpRiskPercent,InpSL_ATR_Mult,InpTP_ATR_Mult,InpTrailStartMult,InpTrailStepMult,InpBreakEvenMult,InpFastEMA,InpSlowEMA,InpRSIPeriod,InpRSILow,InpRSIHigh,InpATRPeriodSlow,InpCooldownBars,InpMaxSpreadPoints,InpMaxSlippagePoints,InpStartHour,InpEndHour
169,1275.80,340.83,56.805000,19.138904,1.340267,0.392681,1275.7993315445819,2.5129,6,2.00,2.75,4.00,3.00,1.55,1.1,26,220,11,40,55,45,1,20,10,18,8
174,383.99,87.39,12.484286,4.480287,2.014987,1.950339,383.98617895506914,0.4309,7,0.25,1.75,1.50,2.50,1.55,1.5,20,200,18,44,56,55,2,32,9,17,10
223,334.99,244.16,40.693333,4.020287,1.873686,1.311332,334.99041651170523,1.2777,6,0.75,2.25,3.50,1.50,1.05,1.8,18,260,8,39,55,70,6,22,2,22,8
238,330.49,726.96,72.696000,4.131559,2.618732,3.887145,330.49163421729691,2.6399,10,1.00,1.25,3.25,1.50,0.45,0.9,18,300,9,41,52,65,8,26,4,22,8
65,242.90,695.02,139.004000,4.048734,1.067471,0.620763,242.89977897854379,6.1722,5,3.00,1.25,4.00,0.75,1.35,1.0,14,240,12,45,59,70,2,16,10,5,16
241,226.48,187.30,62.433333,3.397593,1.102803,0.422337,226.48358137389877,1.6768,3,0.75,1.75,4.25,2.75,1.45,0.8,36,200,17,43,60,75,3,24,9,17,8
305,214.66,597.47,199.156667,3.220253,1.174873,0.232414,214.6620467397085,5.0381,3,2.50,1.25,2.25,1.00,1.35,1.2,36,220,21,41,61,35,1,18,3,1,20
175,212.04,430.05,61.435714,2.474087,1.031122,0.748482,212.04335412662297,3.8450,7,2.50,2.25,1.75,1.25,0.55,1.4,32,180,22,40,52,50,6,32,4,23,20
10,207.64,561.13,70.141250,2.768787,1.623875,1.014647,207.63826403893466,3.4449,8,1.50,1.50,4.00,1.50,1.55,1.3,18,320,21,42,55,65,3,16,10,9,20
290,195.50,318.52,53.086667,2.932767,1.641433,0.859577,195.49824952779801,1.8959,6,0.75,1.50,3.50,2.50,0.95,1.7,34,220,13,46,60,65,7,28,2,18,23
277,193.23,429.51,42.951000,2.760720,2.102555,1.825738,193.2310663333929,2.0403,10,0.75,1.50,4.75,1.50,1.55,1.0,26,160,19,40,57,30,2,38,5,0,18
126,190.36,375.73,93.932500,2.538364,0.743049,0.141032,190.35825700102771,4.8784,4,2.25,1.75,4.00,1.00,0.75,1.9,24,140,15,46,59,35,4,38,5,22,16
289,175.33,366.88,122.293333,2.630143,1.078108,0.138205,175.32533899665512,3.2747,3,2.00,2.25,3.50,2.50,1.25,1.8,20,220,14,47,56,35,1,24,2,12,14
321,174.90,424.89,141.630000,2.623825,0.982495,0.228763,174.90416363851651,4.2960,3,2.50,1.75,2.50,2.00,1.55,1.3,40,120,15,37,61,45,5,30,2,0,17
187,169.58,81.35,13.558333,2.543936,0.911587,0.556521,169.57879083983801,0.8924,6,0.50,2.00,1.50,2.75,1.25,1.4,14,180,10,46,56,50,7,26,9,19,22
232,166.63,426.62,47.402222,2.142620,1.334773,1.091165,166.63155294252948,3.0727,9,1.75,2.25,3.75,1.50,1.25,1.8,36,260,15,40,52,65,4,34,8,17,16
30,164.70,332.34,83.085000,2.196199,0.645245,0.388408,164.69846374611006,4.9426,4,2.50,2.25,5.00,1.25,0.85,1.2,20,320,9,43,64,55,6,34,7,2,15
149,153.81,176.97,16.088182,1.880054,0.670697,1.657784,153.80719533189563,2.6143,11,1.00,3.00,4.75,1.50,0.35,1.2,32,160,16,38,53,60,7,30,3,16,8
153,152.34,417.46,32.112308,1.800591,0.606906,1.649945,152.34243800110747,6.6580,13,2.50,2.75,3.25,0.75,1.55,0.8,14,200,21,43,53,60,3,30,5,12,8
2,144.84,62.76,12.552000,1.810643,0.545834,0.211346,144.83697587358287,1.1446,5,0.75,3.00,3.50,2.00,0.65,1.2,22,280,16,44,53,30,1,36,8,19,23
38,142.90,297.84,99.280000,2.143779,0.614318,0.271363,142.90429635991853,4.7847,3,2.50,2.00,4.50,2.75,0.65,2.0,32,120,11,35,57,45,1,22,3,23,15
334,138.88,659.22,29.964545,1.797411,2.054541,7.912237,138.8769928004065,3.1859,22,1.50,2.25,3.00,1.50,0.55,1.1,40,260,8,48,58,65,2,40,9,8,15
166,137.78,1129.44,70.590000,2.004259,1.852361,4.741246,137.77903541615783,5.1940,16,2.00,2.00,4.50,3.00,0.75,1.3,10,260,12,41,58,40,6,28,9,3,23
40,136.49,289.11,96.370000,2.047500,0.451466,0.080414,136.48635136486348,6.1336,3,2.50,1.25,2.75,1.00,1.55,1.7,40,280,8,45,64,35,2,14,10,0,16
13,134.80,210.05,70.016667,2.022141,0.719005,0.273367,134.79592835525855,2.9115,3,2.00,2.75,4.50,1.50,1.15,1.1,16,120,20,40,59,45,2,20,6,16,13
123,133.20,709.89,44.368125,1.776184,0.988374,3.445819,133.20046973861312,7.1824,16,2.75,1.25,2.25,0.50,0.55,0.8,10,200,11,44,53,40,8,22,9,20,8
110,129.72,152.88,25.480000,1.945923,1.066332,0.126077,129.71519743624367,1.4118,6,0.75,1.50,2.75,0.75,0.75,1.4,36,320,22,46,61,65,2,22,7,0,22
248,128.68,764.44,38.222000,1.715955,1.405117,4.908029,128.68379366686267,5.2865,20,2.00,2.75,5.00,1.50,0.85,1.9,12,240,10,39,59,65,5,34,4,11,10
209,120.45,21.86,7.286667,1.806940,0.629246,0.062920,120.45061028534774,0.3474,3,0.25,1.75,2.25,1.50,0.25,1.6,38,240,13,43,56,30,6,28,6,9,14
259,119.45,590.65,16.406944,1.720252,2.212587,6.986571,119.45001171202323,2.4703,36,0.75,2.00,2.75,2.25,0.55,1.1,38,300,8,46,63,55,5,40,3,21,20
58,117.82,585.08,39.005333,1.606778,1.005137,3.529835,117.81863380076992,5.6320,15,2.25,2.50,3.25,1.75,0.35,2.0,40,280,10,38,60,30,2,24,8,10,9
128,111.40,193.47,96.735000,2.228147,0.658173,0.021054,111.3962113596296,2.9278,2,1.50,1.75,4.25,2.50,1.25,1.8,20,220,19,42,65,55,2,28,10,21,19
335,108.46,112.51,14.063750,1.735600,0.635255,0.842341,108.4641454128533,1.7700,8,0.50,2.00,5.00,3.00,0.85,1.4,28,180,13,35,55,50,1,30,4,13,21
268,107.90,129.98,43.326667,1.618717,0.521589,0.020068,107.90365492519038,2.4898,3,2.00,1.50,1.75,0.75,0.55,1.0,38,200,18,46,62,75,8,40,9,18,9
14,107.34,270.94,22.578333,1.431303,0.777134,1.601728,107.33696365634613,3.3741,12,2.00,2.75,2.75,1.00,0.75,1.6,32,160,15,43,56,40,7,14,8,0,23
176,105.71,154.29,77.145000,2.114410,0.826273,0.016916,105.70990571582064,1.8057,2,1.25,1.25,3.00,0.50,1.05,1.9,30,260,22,46,65,70,6,20,8,6,18
215,104.32,89.39,29.796667,1.564901,0.230737,0.038691,104.31632940514507,3.8229,3,1.50,1.75,3.00,1.50,0.85,1.2,14,120,15,44,63,70,2,12,7,2,18
276,103.69,393.96,39.396000,1.728274,0.868117,1.567922,103.68609132246955,4.3307,10,1.25,1.25,4.25,1.50,0.35,1.5,38,180,18,45,56,35,8,12,3,14,9
113,101.89,393.85,24.615625,1.482228,0.957062,2.969987,101.89297943590969,3.8085,16,1.50,2.25,4.50,1.75,0.35,1.7,24,280,11,41,61,65,2,40,10,21,18
235,101.88,297.18,17.481176,1.443433,0.856970,2.939425,101.87920790438733,3.3800,17,1.25,1.75,1.50,2.50,0.65,1.2,18,180,10,40,55,60,6,12,10,15,9
108,100.08,643.50,29.250000,1.835020,1.308991,8.416085,100.08200504940302,4.7541,22,1.00,1.50,2.50,1.00,1.15,1.7,32,300,9,45,60,60,2,26,3,19,15
210,96.92,729.62,40.534444,1.744693,1.473801,5.107462,96.91767366453071,4.6468,18,1.25,1.75,3.50,2.25,1.25,1.2,26,180,8,48,64,65,2,16,4,21,14
131,96.05,156.17,8.219474,1.520983,1.092251,4.881282,96.052507597413523,1.3932,19,0.50,1.75,2.25,0.75,1.55,1.2,22,240,8,37,59,45,4,14,10,1,21
243,90.45,399.70,7.267273,1.213458,0.735094,2.188153,90.448729128786368,5.1333,55,1.25,3.00,2.25,1.25,0.85,1.8,30,180,9,47,59,45,8,32,8,22,17
208,90.20,37.22,6.203333,1.353131,0.428308,0.267244,90.199708681883223,0.8689,6,0.50,3.00,2.75,2.00,1.55,1.9,18,120,8,38,62,30,3,20,2,9,15
236,89.11,209.26,104.630000,1.782280,0.330882,0.020557,89.105108180770699,6.2132,2,2.50,1.50,3.00,2.50,1.35,1.8,12,240,13,38,54,35,4,40,10,2,16
17,87.95,186.73,31.121667,1.759188,0.899383,0.120431,87.950629233710231,1.9974,6,0.75,1.25,2.50,1.25,0.85,2.0,12,140,17,44,62,80,4,28,10,3,18
67,86.97,443.69,40.335455,1.913582,1.188593,2.067864,86.972280859839344,3.6109,11,1.00,1.50,5.00,0.75,1.35,2.0,36,240,14,40,59,60,2,22,5,13,18
180,84.48,1026.35,41.054000,1.624844,1.056296,5.196976,84.483439368611144,9.4566,25,1.50,1.25,4.00,1.75,1.25,1.1,16,180,18,46,56,60,1,22,6,18,17
84,82.85,71.16,0.847143,1.023538,0.120280,0.269514,82.849569861757374,5.5485,84,1.75,3.00,3.25,0.75,0.35,1.7,16,300,9,42,52,40,8,18,8,17,13
327,79.63,104.36,11.595556,1.194553,0.189759,0.304267,79.628882062484436,5.4875,9,1.75,2.00,2.00,2.50,1.45,1.4,24,200,20,42,56,55,1,18,9,12,22
283,78.53,700.29,50.020714,1.374361,0.516350,1.378740,78.527033557269974,13.5040,14,3.00,1.75,4.00,1.50,1.55,1.5,28,120,15,37,52,35,5,38,6,19,18
51,78.27,30.45,6.090000,1.304652,0.335168,0.213989,78.271312438541031,0.9002,5,0.50,2.50,5.00,1.75,1.15,1.4,30,160,18,45,63,30,5,26,7,16,13
170,77.87,152.57,16.952222,1.168221,0.230055,0.382267,77.873633353491542,6.2511,9,2.75,1.75,2.00,1.25,0.55,1.0,22,260,8,35,63,75,2,14,10,1,19
37,75.83,601.40,50.116667,1.516738,0.715016,1.771273,75.82930186497434,7.8717,12,2.50,1.75,4.25,0.75,1.05,1.4,38,220,11,39,61,45,5,20,4,19,18
270,75.40,900.11,64.293571,1.508109,0.803196,3.379903,75.397909858744015,10.6799,14,2.25,1.25,3.00,1.50,1.05,2.0,20,200,11,36,58,55,1,34,7,0,17
141,75.31,666.94,35.102105,1.301013,0.784377,2.871940,75.314288115649092,7.3827,19,2.50,1.50,4.75,1.25,1.25,0.9,34,160,12,43,58,80,3,24,4,11,18
160,75.31,56.17,1.021273,1.150626,0.491297,1.471840,75.306181440090867,1.1241,55,0.25,2.50,3.50,2.75,1.25,1.0,32,120,10,41,52,35,4,20,2,14,9
313,72.69,71.52,35.760000,1.454009,0.243307,0.008905,72.693168694937782,2.9278,2,1.50,1.75,4.00,0.75,0.85,1.9,22,160,22,43,61,75,4,18,7,23,18
159,72.65,48.20,24.100000,1.453093,0.263302,0.062102,72.647369592801965,1.7892,2,1.00,1.00,3.25,2.50,0.65,0.9,34,200,21,45,57,30,4,34,6,21,8
207,71.41,953.44,30.756129,1.229895,0.791696,3.181810,71.406100170067987,10.7592,31,2.75,1.50,1.75,2.50,0.45,1.8,36,240,8,38,58,40,3,38,2,1,23
49,70.80,10.82,0.983636,1.112720,0.187880,0.445202,70.802379080770933,0.5757,11,0.25,2.50,4.50,1.75,0.35,1.5,36,280,11,35,59,50,8,26,6,0,18
177,70.69,347.25,8.903846,1.253216,1.056981,2.755633,70.687155098244986,3.1172,39,0.75,2.00,2.75,2.75,1.55,1.7,32,160,21,47,54,55,1,34,8,13,11
316,68.37,-6.45,-0.921429,0.957245,-0.040589,-0.053613,68.367815213705981,1.5803,7,0.75,3.00,2.25,2.00,1.45,1.4,10,140,22,48,56,35,3,38,3,18,11
130,67.37,74.67,2.574828,1.028423,0.046656,0.478980,67.372677819640714,15.3823,29,2.50,2.75,1.75,2.25,1.15,2.0,26,200,9,41,54,40,4,26,6,22,16
43,64.77,22.09,0.788929,1.007602,0.023762,0.129018,64.76791130352602,9.1378,28,2.75,2.00,1.50,2.25,1.15,1.1,36,260,12,43,57,70,6,36,2,21,20
250,64.36,42.42,8.484000,1.072743,0.097060,0.055588,64.358135908950473,4.2581,5,2.75,2.50,2.00,3.00,1.15,2.0,16,260,20,48,65,30,6,18,8,1,21
100,61.88,-30.10,-2.150000,0.962705,-0.068784,-0.328239,61.881994243102199,4.2634,14,1.50,1.50,3.50,0.75,0.25,1.7,34,140,11,43,63,55,8,28,2,15,9
269,61.42,31.12,0.648333,1.016704,0.058596,0.169529,61.419744637917383,5.1179,48,1.25,2.75,4.00,3.00,0.35,1.0,40,280,8,47,52,35,1,34,6,12,17
94,61.41,-38.43,-1.098000,0.977026,-0.064248,-0.378533,61.406938986974723,5.9573,35,1.25,2.25,4.00,1.25,0.35,1.3,24,240,10,44,58,65,4,24,2,9,22
217,60.35,3.88,0.776000,1.005960,0.007145,0.000920,60.351574022462273,5.1488,5,3.00,2.00,3.25,0.75,0.65,1.7,34,280,19,47,62,60,1,30,10,14,19
218,59.90,-46.27,-9.254000,0.748847,-0.126511,-0.101509,59.901733867214695,3.6403,5,1.75,1.75,1.50,3.00,0.55,0.8,18,320,15,37,60,45,1,34,3,10,22
60,58.99,410.64,21.612632,1.245371,0.771590,2.257446,58.985341329441013,4.8635,19,1.50,1.25,3.25,3.00,1.55,1.3,18,140,18,42,54,55,8,38,7,16,9
16,58.20,-35.83,-1.791500,0.895442,-0.251951,-1.156520,58.197897964376551,1.4141,20,0.50,3.00,3.75,2.25,0.25,1.3,30,320,20,47,56,70,7,40,4,3,20
140,58.08,-191.47,-7.977917,0.871317,-0.234659,-1.432420,58.081992220155371,7.6956,24,1.75,2.50,4.75,1.25,0.85,1.5,32,240,14,42,54,40,7,26,8,13,12
34,57.38,-9.42,-0.856364,0.901844,-0.145843,-0.433289,57.384355059620354,0.6444,11,0.25,2.50,2.00,1.50,0.95,0.9,12,220,9,37,62,65,5,16,9,6,23
192,56.36,-285.73,-17.858125,0.819824,-0.228182,-2.403005,56.357277617846854,12.3983,16,3.00,1.00,3.00,0.50,0.45,1.7,12,160,12,39,58,40,3,28,10,0,22
6,56.30,-61.93,-7.741250,0.900833,-0.123984,-0.199050,56.296411992107437,4.8796,8,2.00,2.50,3.25,1.50,0.35,1.3,10,260,9,36,65,50,4,30,10,16,9
329,56.24,-186.54,-18.654000,0.803518,-0.384666,-0.710962,56.240636732619137,4.8032,10,3.00,2.25,1.75,0.75,0.85,1.8,32,200,11,39,57,60,5,36,8,17,15
32,55.95,-31.26,-6.252000,0.932583,-0.069153,-0.040230,55.949374006698712,4.5176,5,2.25,3.00,3.00,2.00,0.55,1.7,30,120,8,43,65,60,7,20,4,2,12
78,55.70,179.10,16.281818,1.225439,0.221434,0.615931,55.696202331774785,8.0661,11,2.75,2.50,4.00,0.50,1.35,1.7,14,160,13,35,52,40,8,26,3,16,11
35,55.36,56.53,3.768667,1.038079,0.085301,0.214457,55.358698377140563,6.3426,15,2.00,2.25,3.75,2.75,1.15,2.0,10,200,13,44,60,30,6,18,5,3,18
296,55.17,-44.75,-14.916667,0.827686,-0.089111,-0.022881,55.173535399636769,4.9510,3,2.50,2.75,2.50,1.75,1.05,1.2,18,140,9,43,65,40,6,12,8,20,15
96,54.98,-80.80,-7.345455,0.756105,-0.228178,-1.106648,54.983950563422788,3.5097,11,1.00,1.00,3.50,0.50,0.45,1.9,28,320,8,44,61,80,6,14,6,22,12
142,54.86,-36.04,-6.006667,0.823030,-0.206545,-0.131431,54.863160872717039,1.7417,6,1.00,2.50,2.00,1.50,0.95,1.4,36,200,11,35,63,70,2,38,6,22,21
150,54.30,-33.02,-6.604000,0.678825,-0.246326,-0.054625,54.30057130460478,1.3350,5,1.00,3.00,4.25,0.50,0.35,1.9,18,260,18,47,63,80,2,24,10,8,17
162,53.05,-106.62,-2.369333,0.884223,-0.238812,-1.783675,53.048088030888088,4.4390,45,0.50,2.25,4.50,1.75,0.55,1.3,24,260,8,41,58,45,3,26,2,9,23
178,52.28,47.69,3.668462,1.132782,0.141627,0.709218,52.277020620947994,3.3353,13,1.00,1.75,1.50,0.50,1.35,1.8,34,260,13,41,57,35,1,24,6,10,22
227,51.70,-418.48,-7.215172,0.810451,-0.401528,-3.080172,51.69603209305685,9.8890,58,1.00,2.25,1.75,1.00,0.65,1.0,30,160,14,43,52,60,1,24,9,16,12
193,51.49,-169.74,-2.782623,0.951917,-0.193913,-0.563725,51.491995714664505,8.4862,61,1.25,2.50,3.50,2.75,1.25,2.0,28,320,8,45,57,50,3,36,2,6,18
18,51.42,-588.40,-11.101887,0.825916,-0.494416,-2.034592,51.419824582600121,11.2255,53,2.00,2.25,2.50,2.00,1.55,0.9,16,280,8,37,53,55,2,40,6,13,9
26,50.76,-251.18,-4.406667,0.904178,-0.344691,-1.030604,50.755776753625184,7.0910,57,1.25,2.50,5.00,1.00,1.35,1.1,40,200,13,45,54,80,6,34,6,8,23
46,50.47,1.64,0.117143,1.009523,0.019594,0.055378,50.471088067131042,0.8299,14,0.25,2.00,2.50,2.75,0.45,1.9,38,160,14,39,57,40,1,38,6,14,22
19,49.71,-446.98,-5.730513,0.945857,-0.172922,-0.579303,49.713161488857402,22.4020,78,2.25,2.25,4.25,2.75,0.25,1.9,12,220,10,41,52,75,7,30,7,5,20
103,48.22,47.99,6.855714,1.125163,0.160266,0.102296,48.216450067475641,2.8939,7,1.50,2.00,2.00,0.75,1.45,1.9,30,120,17,44,63,30,2,36,6,16,11
24,47.76,-20.99,-1.104737,0.907574,-0.282162,-0.888347,47.76226356599085,0.7436,19,0.25,2.00,3.25,2.75,0.95,1.4,22,320,11,36,52,70,6,20,5,3,18
167,47.12,-632.93,-28.769545,0.740477,-0.665122,-4.040740,47.116548924925908,9.3611,22,3.00,2.50,1.75,1.50,0.95,1.4,16,180,13,38,52,75,3,28,3,0,22
205,46.03,-239.47,-26.607778,0.690495,-0.425891,-1.037614,46.028415132258502,5.5328,9,2.50,2.50,2.75,1.00,0.25,1.0,30,260,15,46,60,45,7,12,9,8,20
254,45.61,-26.91,-4.485000,0.912317,-0.100485,-0.105305,45.611274649661141,2.6479,6,1.00,2.50,2.50,3.00,0.75,1.5,40,320,13,41,65,30,3,32,8,1,23
239,45.15,-41.98,-3.229231,0.838607,-0.285928,-1.116318,45.151232592943614,1.4530,13,0.50,2.00,4.75,0.75,0.85,1.4,14,280,15,47,61,30,5,28,2,19,18
145,45.11,175.80,17.580000,1.127877,0.223425,0.498306,45.110563574850872,7.1775,10,2.00,1.25,3.50,2.25,0.25,1.8,22,280,18,44,60,65,4,40,10,1,18
73,45.09,-67.77,-5.213077,0.732831,-0.352620,-1.433203,45.092804507236004,1.9208,13,0.50,2.75,4.00,1.25,0.65,1.2,22,280,10,47,60,30,7,18,7,17,22
111,45.03,-429.30,-13.009091,0.743030,-0.560773,-3.961554,45.027590207372072,7.6360,33,1.25,1.50,5.00,1.00,0.25,0.8,24,320,19,45,53,35,8,38,7,12,8
91,44.51,-8.70,-2.900000,0.667685,-0.232124,-0.019994,44.50789960474286,0.3744,3,0.25,1.25,3.50,0.50,0.35,1.7,18,180,21,35,55,35,6,34,8,21,17
118,44.34,-376.00,-7.673469,0.944818,-0.128366,-0.850465,44.344163265051002,27.0421,49,2.50,1.25,4.25,1.50,0.65,1.6,32,200,8,43,53,30,4,22,6,21,13
50,44.28,-146.69,-8.149444,0.885606,-0.150142,-0.647929,44.2758612653302,9.4963,18,2.00,2.00,5.00,2.25,1.45,0.8,10,240,13,46,54,45,7,36,6,18,23
249,43.85,-255.77,-19.674615,0.814424,-0.253692,-1.102961,43.849219844372008,10.0534,13,2.25,2.00,2.75,1.75,1.45,1.1,36,140,17,41,56,55,8,26,6,13,19
320,43.32,225.18,5.004000,1.026173,0.092036,0.404322,43.322953231279683,21.3222,45,3.00,1.25,4.25,2.00,0.65,1.8,22,120,17,47,55,50,2,16,2,5,19
144,43.30,-32.36,-16.180000,0.866170,-0.118085,-0.009034,43.304189018649829,2.6757,2,2.25,2.00,2.00,2.50,1.05,1.6,14,180,14,44,63,80,8,14,9,5,12
275,43.28,-294.30,-21.021429,0.757398,-0.506427,-1.732444,43.275581058543345,5.7853,14,2.00,3.00,2.00,3.00,0.25,1.9,20,140,12,41,61,35,8,28,8,14,8
116,42.18,-1028.16,-25.704000,0.733675,-0.552545,-4.857842,42.182108866861292,17.5732,40,2.25,2.25,1.50,2.75,1.15,1.4,12,220,9,44,59,55,8,26,3,11,21
191,41.44,-43.58,-5.447500,0.552613,-0.401733,-1.013953,41.441805927199091,1.0842,8,0.50,3.00,2.25,0.75,0.35,1.3,20,300,17,39,56,30,4,34,2,16,19
132,41.01,-560.05,-16.001429,0.897075,-0.281755,-1.814016,41.005024384274989,17.7165,35,2.50,1.25,2.50,2.50,1.35,1.5,14,280,17,45,52,30,7,30,4,1,17
315,39.22,57.51,6.390000,1.176720,0.341935,0.441898,39.220079057351512,1.6780,9,0.50,1.00,4.50,1.00,1.55,1.2,12,240,13,37,57,45,6,16,6,9,20
298,38.38,-35.99,-8.997500,0.767732,-0.314296,-0.021244,38.382738041136186,1.1362,4,0.75,1.75,1.50,2.00,0.45,0.8,14,120,16,43,65,30,3,20,8,13,19
63,37.71,-43.77,-4.377000,0.942868,-0.047204,-0.140388,37.710947226167065,8.9346,10,3.00,2.50,3.50,0.50,0.95,1.0,36,200,11,39,62,30,7,34,4,16,18
11,37.29,7.60,0.400000,1.012207,0.014789,0.111027,37.288103404311194,5.0505,19,1.50,2.00,5.00,0.50,1.05,2.0,20,180,11,37,57,55,7,22,2,4,20
97,37.01,-185.87,-15.489167,0.634567,-0.619773,-1.806543,37.012728482900812,2.9652,12,1.00,3.00,2.75,3.00,1.25,1.2,36,120,9,38,63,40,3,28,4,7,19
256,36.60,39.96,6.660000,1.098088,0.093640,0.056474,36.59926765286766,4.0771,6,2.75,3.00,4.75,0.50,1.15,1.5,14,280,16,43,64,50,4,26,7,2,20
55,35.65,-17.41,-1.741000,0.891255,-0.121893,-0.400674,35.646653947971856,1.4106,10,0.25,1.25,3.75,3.00,1.45,1.2,16,140,12,43,65,45,5,20,3,5,20
196,35.45,-39.38,-3.029231,0.768053,-0.317095,-1.785862,35.44504507295494,1.2315,13,0.25,2.50,3.75,1.25,1.25,1.0,34,260,15,47,62,65,8,20,2,15,8
262,35.29,-25.50,-8.500000,0.529347,-0.216065,-0.028596,35.286246200038534,1.1760,3,0.50,1.25,4.75,0.50,0.55,1.4,32,160,11,46,59,45,5,16,6,11,13
99,33.22,-215.74,-14.382667,0.830561,-0.251542,-2.283194,33.219114982773121,8.0593,15,1.25,1.00,1.50,1.50,1.15,1.5,12,280,13,47,61,75,5,32,3,5,18
5,33.15,-328.72,-54.786667,0.663048,-0.423849,-0.332135,33.149098550993436,7.5480,6,3.00,1.25,3.00,1.25,0.65,1.1,22,140,8,43,65,70,2,26,6,2,12
323,32.77,-21.34,-1.422667,0.983066,-0.028142,-0.133005,32.765573711776668,7.4983,15,3.00,3.00,4.50,0.50,1.25,2.0,32,140,18,44,58,70,6,32,10,12,20
68,32.73,-104.99,-26.247500,0.654718,-0.284102,-0.110972,32.732609923800595,3.6862,4,1.50,2.75,3.50,1.25,0.95,1.5,20,140,18,41,60,55,7,18,10,22,21
186,32.34,-52.77,-5.863333,0.970247,-0.040117,-0.061787,32.338325753725101,12.4647,9,2.75,1.00,2.75,3.00,0.25,2.0,18,260,14,48,59,65,4,40,9,17,20
45,32.12,-515.70,-51.570000,0.642508,-0.458482,-1.994791,32.122190713236051,10.6808,10,2.75,2.25,2.00,2.00,1.45,1.4,34,260,17,48,64,75,3,30,3,15,12
202,31.67,-15.87,-2.645000,0.950160,-0.052043,-0.053986,31.668838643426657,2.9956,6,1.00,1.75,2.75,1.75,0.55,1.5,40,260,20,46,65,40,5,36,3,12,8
216,30.82,-661.13,-30.051364,0.753544,-0.661262,-3.087772,30.823725905150649,9.6920,22,2.00,2.00,4.25,2.50,1.55,2.0,40,160,10,35,52,80,2,20,2,16,15
282,30.61,-324.20,-17.063158,0.646236,-0.453135,-5.000000,30.608115164826501,7.1402,19,2.00,2.50,2.75,0.50,0.85,1.8,34,140,12,37,52,75,3,22,3,12,23
233,29.99,-511.33,-17.632069,0.724790,-0.514453,-5.000000,29.988293065919994,9.6753,29,2.00,2.00,2.00,0.50,1.15,1.0,38,120,21,48,55,65,6,22,4,0,18
288,29.98,-231.47,-13.615882,0.566300,-0.828632,-5.000000,29.977593154234238,2.7801,17,0.75,2.75,3.75,0.75,0.75,0.8,12,120,12,47,63,50,5,28,5,14,10
87,29.96,-261.42,-29.046667,0.674129,-0.382837,-0.802469,29.958306001260908,6.8027,9,1.50,1.00,2.50,1.25,0.75,1.0,16,140,15,38,57,35,8,22,10,7,19
285,29.86,-34.65,-2.665385,0.970548,-0.037378,-0.140572,29.860028949665999,8.9947,13,3.00,2.00,4.25,0.50,1.05,1.4,16,320,14,41,60,30,5,36,9,12,20
278,29.61,-1130.33,-30.549459,0.782696,-0.592214,-4.324087,29.612567864472641,18.5955,37,2.25,1.00,2.25,2.50,0.55,1.2,26,160,8,42,59,35,8,36,2,14,23
311,29.35,-355.34,-20.902353,0.623748,-0.689887,-2.786317,29.349907774841501,5.0697,17,1.00,2.00,3.50,2.25,1.15,1.7,38,200,10,42,62,60,3,34,2,11,19
90,29.19,-479.51,-19.180400,0.521309,-0.791715,-5.000000,29.190360456022965,6.0499,25,1.00,2.75,1.50,3.00,0.55,0.9,34,260,18,46,55,45,4,22,5,23,19
54,29.03,-1830.03,-35.882941,0.740371,-0.478835,-3.251930,29.031246829585719,33.2278,51,2.50,1.25,4.50,2.75,1.25,1.5,26,200,10,40,53,80,5,22,5,9,22
201,28.75,-44.10,-11.025000,0.574981,-0.380468,-0.242359,28.746161621308957,1.1508,4,0.50,1.50,4.25,2.00,0.75,1.2,40,220,11,40,55,55,7,26,10,18,19
77,28.55,-268.68,-26.868000,0.407907,-0.494825,-2.603614,28.550629004268689,5.3993,10,1.50,3.00,4.50,0.50,0.65,1.9,18,140,16,39,57,60,1,24,10,14,23
307,28.34,-149.40,-16.600000,0.510132,-0.652032,-1.340521,28.337822435650498,2.2816,9,0.75,2.25,4.75,2.75,0.75,0.8,12,320,12,38,62,60,4,18,3,6,21
74,27.60,-47.09,-15.696667,0.828070,-0.134543,-0.012963,27.59956214389879,3.3971,3,1.25,1.00,2.50,1.50,0.45,1.4,12,120,22,36,57,65,8,36,5,16,15
86,27.04,-280.56,-70.140000,0.540893,-0.630061,-0.446017,27.041969342584643,4.4201,4,3.00,3.00,4.00,1.25,0.55,0.9,18,180,17,47,58,60,8,34,8,17,18
23,26.44,-1673.50,-26.991935,0.780636,-0.515618,-2.720086,26.438240718522049,31.8547,62,2.00,1.00,4.50,2.75,1.35,1.7,28,320,10,43,55,80,7,24,2,2,20
247,24.43,-14.38,-4.793333,0.733012,-0.219810,-0.012062,24.431273916796954,0.6509,3,0.25,1.00,1.75,2.50,1.45,1.1,32,240,16,42,62,50,7,22,10,14,17
139,23.88,-229.46,-12.747778,0.614087,-0.797373,-5.000000,23.878773931584458,2.8610,18,0.50,1.00,4.25,0.75,0.75,1.5,34,160,19,48,59,75,1,38,3,3,20
81,23.68,-170.75,-56.916667,0.710618,-0.247913,-0.030426,23.68488965300007,6.5483,3,2.75,2.00,4.50,2.75,0.55,1.6,10,140,18,43,64,45,1,26,8,10,22
188,23.03,-167.15,-33.430000,0.575912,-0.468194,-0.434276,23.034181079786173,3.5693,5,1.25,1.00,2.00,2.00,1.15,1.3,20,260,20,46,57,80,8,28,6,18,16
143,22.89,-348.85,-58.141667,0.686697,-0.400241,-0.101973,22.887621966522833,8.3146,6,2.50,1.25,2.00,1.50,1.35,1.1,14,320,14,40,64,70,4,32,3,0,21
244,22.75,-216.14,-14.409333,0.487613,-0.622756,-5.000000,22.753021065308463,3.4578,15,0.50,2.25,1.50,3.00,0.65,1.8,20,140,10,40,53,75,7,20,9,8,13
61,22.63,-332.29,-36.921111,0.509303,-0.701907,-0.618572,22.633438307789831,4.6682,9,1.25,1.00,3.25,1.00,0.55,1.4,30,320,18,44,60,55,7,16,7,13,23
25,21.52,-198.70,-22.077778,0.484164,-0.620453,-1.978819,21.516251513189509,3.1640,9,0.75,2.25,3.25,1.25,0.65,1.3,16,300,21,47,59,60,7,16,2,23,17
314,19.96,-140.52,-17.565000,0.798497,-0.247138,-0.221539,19.960433691631408,5.5004,8,1.75,1.50,2.50,0.50,1.35,1.0,34,160,15,42,61,70,3,20,4,23,18
226,19.65,-112.38,-56.190000,0.393131,-0.324441,-0.044729,19.654584924918243,3.3846,2,1.75,1.00,4.50,1.50,1.15,2.0,30,320,17,38,55,80,1,40,4,19,11
93,19.62,-80.19,-40.095000,0.392454,-0.325064,-0.044731,19.620736615633078,2.4265,2,1.25,1.00,2.75,1.50,1.15,1.2,14,200,14,38,59,50,8,34,10,18,8
319,16.58,-309.27,-77.317500,0.331655,-0.505071,-0.091681,16.581088141780111,6.1060,4,2.25,2.00,1.50,2.50,0.25,0.8,16,220,19,41,59,50,5,20,8,16,9
182,16.14,-97.83,-7.525385,0.524497,-0.602142,-3.337971,16.136753644105273,1.6143,13,0.25,1.50,3.00,1.25,1.45,1.9,12,140,12,46,64,30,5,36,2,8,21
70,14.34,-691.32,-76.813333,0.258057,-0.861243,-2.314991,14.335080152365904,8.0170,9,2.25,2.00,3.50,0.75,0.65,1.7,40,260,19,45,52,35,3,36,10,21,16
147,14.16,-384.79,-42.754444,0.424880,-0.464375,-1.748253,14.161239940733552,8.0974,9,2.00,2.75,3.75,0.50,1.05,1.8,14,160,12,43,55,65,5,22,4,5,13
326,13.88,-572.36,-52.032727,0.381674,-0.860718,-4.591653,13.877652840632503,6.5888,11,1.25,1.50,3.25,1.00,0.35,2.0,22,140,13,45,63,70,5,36,7,11,20
56,12.75,-1336.61,-47.736071,0.509931,-0.853197,-5.000000,12.746993791742371,15.6172,28,1.25,1.00,3.25,2.50,0.65,1.4,18,160,10,38,53,80,2,40,7,5,17
229,12.62,-345.66,-86.415000,0.252498,-0.692400,-0.542603,12.623624104437873,4.9167,4,2.25,2.75,1.50,2.00,1.55,1.2,24,160,18,42,63,40,1,32,4,13,21
85,12.59,-499.11,-55.456667,0.377754,-0.582596,-2.376575,12.590530103090476,8.4266,9,1.25,1.75,4.50,1.00,1.25,2.0,34,260,8,38,53,45,7,16,7,11,14
255,11.59,-368.52,-122.840000,0.347683,-0.605660,-0.072260,11.588272498790641,5.9420,3,2.75,3.00,2.25,3.00,0.35,1.1,38,160,20,45,62,35,7,30,8,10,17
171,11.18,-69.86,-23.286667,0.335553,-0.858020,-0.331581,11.183968154449534,0.8133,3,0.50,2.00,3.00,1.75,1.35,1.2,12,320,19,41,60,70,3,32,2,14,17
261,9.40,-840.80,-140.133333,0.281920,-0.775302,-0.303696,9.3963900504076623,10.7716,6,2.75,1.25,4.00,1.00,0.65,0.9,32,320,20,42,58,70,3,36,10,15,20
3,8.26,-179.02,-35.804000,0.137669,-0.810522,-1.162152,8.2592896779686189,2.1995,5,1.00,3.00,3.25,2.75,0.85,1.2,12,180,8,46,65,60,2,12,5,18,22
41,7.06,-583.23,-36.451875,0.226013,-0.953333,-5.000000,7.0622068297191296,6.1026,16,1.00,1.00,1.50,0.50,0.85,1.7,30,140,11,35,52,60,4,38,8,12,23
183,6.84,-374.99,-124.996667,0.205344,-0.681713,-0.061939,6.8441311159311926,5.4760,3,2.25,1.25,4.50,0.50,0.35,0.9,14,220,21,42,59,60,6,16,2,12,21
284,2.18,-48.15,-24.075000,0.043694,-0.665515,-0.084150,2.1844886017853034,0.7218,2,0.50,2.75,1.75,1.00,1.05,1.5,28,200,14,45,64,65,8,16,6,8,13
294,1.02,-78.86,-19.715000,0.040866,-0.872152,-0.180724,1.0215470790551693,0.9032,4,0.25,1.00,1.75,1.25,1.15,1.7,28,280,21,41,60,70,8,40,4,12,11
137,0.33,-104.23,-52.115000,0.006576,-0.537462,-0.060020,0.32878908068018969,1.9221,2,1.00,1.75,4.50,0.75,1.45,1.1,16,120,15,48,61,70,3,14,7,4,13
189,0.21,-155.69,-77.845000,0.004221,-0.644706,-0.105378,0.21104381407078354,2.3944,2,1.50,2.75,1.75,1.50,1.35,1.0,36,140,22,47,57,35,8,30,6,9,14
225,0.17,-672.23,-224.076667,0.005150,-0.621871,-0.103268,0.17165411368765299,10.4728,3,3.00,1.00,3.75,3.00,0.45,1.9,30,120,15,42,52,75,6,20,3,8,13
304,0.12,-541.04,-180.346667,0.003683,-0.789114,-0.109805,0.1227533895598851,6.7759,3,2.50,1.00,3.75,0.50,1.15,0.8,36,240,16,35,55,40,1,12,2,13,23
318,0,-372.42,-186.210000,0,-0.819046,-2.722256,0,4.5099,2,1.75,1.00,3.25,2.00,0.25,1.6,26,260,18,40,65,30,6,32,5,19,18
310,0,91.14,91.140000,0,0.592357,0,0,1.5271,1,2.75,1.50,1.75,0.50,0.25,1.0,30,220,13,43,60,70,5,30,5,3,9
303,0,0.00,0,,0,0,0,0.0000,0,2.75,1.50,3.50,0.75,0.25,0.9,14,240,21,47,63,50,7,38,2,4,10
302,0,0.00,0,,0,0,0,0.0000,0,2.25,2.25,4.50,1.25,1.15,1.4,18,220,17,35,59,75,3,26,9,14,14
295,0,0.00,0,,0,0,0,0.0000,0,2.25,3.00,4.25,3.00,1.25,1.4,34,120,11,35,61,80,8,10,6,13,19
287,0,31.82,31.820000,0,0.471338,0,0,0.6729,1,2.25,2.75,1.50,0.50,0.35,1.3,16,240,15,39,62,60,1,32,3,17,8
286,0,-713.26,-237.753333,0,-0.870052,-2.672230,0,8.1115,3,2.25,1.00,4.25,2.25,0.35,0.8,16,140,9,35,65,70,6,12,4,15,11
279,0,0.00,0,,0,0,0,0.0000,0,0.75,2.25,2.75,0.50,1.15,2.0,38,280,18,37,65,30,2,30,4,6,11
271,0,0.00,0,,0,0,0,0.0000,0,2.75,1.00,5.00,0.75,1.05,1.7,10,260,17,42,60,80,4,22,6,15,15
263,0,0.00,0,,0,0,0,0.0000,0,1.25,1.00,2.50,1.75,0.25,1.7,40,280,17,38,53,80,8,40,5,7,15
246,0,0.00,0,,0,0,0,0.0000,0,2.75,1.50,3.00,2.50,0.85,1.5,10,180,14,40,64,60,2,10,8,16,9
231,0,0.00,0,,0,0,0,0.0000,0,2.50,2.75,3.25,2.50,1.45,1.2,18,320,16,42,55,50,3,10,2,16,11
230,0,45.78,45.780000,0,0.612360,0.033153,0,0.7454,1,1.00,2.50,3.50,1.25,0.45,0.8,30,260,18,37,65,45,4,20,7,22,20
222,0,191.33,191.330000,0,1.014045,0.034284,0,1.8727,1,3.00,3.00,2.00,1.50,0.45,2.0,22,320,15,39,62,40,6,28,4,19,12
214,0,139.46,139.460000,0,2.061798,0.035235,0,0.6746,1,1.00,2.75,4.00,1.75,1.35,1.1,24,320,19,36,57,30,6,14,4,19,15
206,0,241.15,241.150000,0,1.278090,0.034660,0,1.8727,1,1.75,1.75,2.50,1.75,1.15,1.2,10,280,22,37,64,65,2,30,10,1,17
199,0,324.13,81.032500,0,4.936491,0.909628,0,0.6547,4,0.75,2.25,4.00,2.75,1.05,1.8,38,220,16,38,57,75,8,14,9,19,18
198,0,0.00,0,,0,0,0,0.0000,0,1.25,1.75,5.00,1.50,0.85,1.9,12,260,18,35,58,65,5,10,5,12,21
185,0,87.20,87.200000,0,0.612360,0.033147,0,1.4160,1,2.25,3.00,5.00,0.75,0.45,1.0,10,200,18,35,63,55,1,32,10,17,14
184,0,-183.21,-183.210000,0,-0.581121,0,0,3.1116,1,1.75,1.00,2.00,3.00,1.55,1.6,34,280,21,41,62,65,1,32,8,19,8
168,0,0.00,0,,0,0,0,0.0000,0,2.75,2.00,1.75,2.50,1.05,0.9,28,220,9,48,58,75,2,10,7,14,23
161,0,0.00,0,,0,0,0,0.0000,0,2.00,2.25,4.50,1.50,0.75,1.4,36,280,19,40,60,55,8,30,8,7,16
152,0,0.00,0,,0,0,0,0.0000,0,0.50,1.25,1.50,2.50,1.05,1.5,40,160,20,38,64,65,1,40,6,12,22
136,0,0.00,0,,0,0,0,0.0000,0,1.00,1.50,2.00,3.00,0.85,1.0,24,120,10,43,57,55,8,10,8,7,9
129,0,289.80,289.800000,0,0.884831,0.034011,0,3.2330,1,3.00,1.75,1.75,1.50,0.45,2.0,30,320,22,45,59,45,6,34,9,20,14
121,0,0.00,0,,0,0,0,0.0000,0,1.50,2.75,3.25,3.00,0.75,1.4,24,160,17,41,55,80,6,32,4,4,11
120,0,385.13,192.565000,0,1.244322,0.050962,0,3.0684,2,2.75,2.00,1.75,1.50,0.35,2.0,24,220,15,43,52,65,1,22,6,8,11
112,0,40.95,40.950000,0,0.547753,0.032828,0,0.7454,1,0.50,1.25,3.25,0.75,0.55,1.2,10,300,15,36,56,80,5,20,10,1,13
105,0,215.13,107.565000,0,2.014326,0.396418,0,1.0537,2,1.25,2.25,2.25,2.25,0.45,1.5,40,140,22,45,54,35,5,26,6,0,12
104,0,-311.25,-311.250000,0,-0.846501,-0.323782,0,3.6563,1,3.00,2.50,1.75,1.50,0.35,0.9,40,200,20,40,65,40,1,26,5,6,20
89,0,0.00,0,,0,0,0,0.0000,0,2.25,1.25,2.50,2.25,0.65,1.7,28,220,15,48,60,40,8,14,9,19,19
88,0,516.13,103.226000,0,3.835402,1.543080,0,1.3211,5,2.00,3.00,2.00,2.50,0.65,1.5,36,300,19,37,54,80,3,36,3,22,17
80,0,0.00,0,,0,0,0,0.0000,0,0.50,2.25,4.75,1.50,0.25,1.3,10,140,19,36,54,35,4,34,3,11,12
72,0,0.00,0,,0,0,0,0.0000,0,0.50,1.25,4.00,0.75,0.55,1.9,30,260,8,37,65,50,4,36,2,19,23
64,0,-41.18,-41.180000,0,-0.500000,0,0,0.8202,1,1.25,2.25,2.00,0.50,1.45,1.0,26,140,20,48,63,40,2,26,2,1,15
59,0,0.00,0,,0,0,0,0.0000,0,0.50,1.25,5.00,1.50,0.95,1.7,16,260,15,39,60,70,3,34,3,5,16
48,0,0.00,0,,0,0,0,0.0000,0,2.75,1.25,4.75,1.25,1.15,1.9,14,280,22,35,55,40,4,16,6,12,12
42,0,362.93,181.465000,0,1.884861,0.440764,0,1.8854,2,2.50,3.00,3.00,2.50,1.45,2.0,34,300,18,37,60,70,7,26,5,16,8
27,0,0.00,0,,0,0,0,0.0000,0,0.50,1.25,3.00,2.25,0.55,1.1,32,140,18,41,56,30,6,26,4,9,9
333,0,0.00,0,,0,0,0,0.0000,0,0.25,1.25,2.75,2.75,0.25,1.3,10,120,20,48,64,40,7,14,10,22,22
332,0,0.00,0,,0,0,0,0.0000,0,2.75,2.50,3.50,2.25,1.15,1.5,14,320,19,44,56,50,8,26,10,11,15
325,0,0.00,0,,0,0,0,0.0000,0,0.25,2.75,2.75,0.75,0.35,1.3,26,260,13,42,58,50,3,14,9,9,14
324,0,0.00,0,,0,0,0,0.0000,0,2.25,1.00,1.75,2.00,0.95,2.0,34,220,12,36,62,45,5,22,7,6,10
317,0,0.00,0,,0,0,0,0.0000,0,2.25,1.75,2.25,2.50,0.75,2.0,38,200,19,36,54,60,7,32,7,4,10
309,0,0.00,0,,0,0,0,0.0000,0,2.50,3.00,3.25,1.50,1.25,1.9,12,200,13,41,63,80,7,12,5,12,21
308,0,0.00,0,,0,0,0,0.0000,0,2.75,1.75,3.75,1.25,0.65,1.7,28,320,10,43,54,50,7,10,6,6,12
301,0,0.00,0,,0,0,0,0.0000,0,2.75,1.25,4.25,2.50,1.55,1.1,40,140,11,35,52,70,8,10,3,20,18
300,0,0.50,0.500000,0,0.007752,0.000246,0,0.6408,1,1.25,3.00,4.00,2.25,0.45,1.1,40,140,16,48,65,35,1,12,6,10,12
293,0,524.29,174.763333,0,2.487852,0.444147,0,2.0434,3,3.00,2.75,2.75,1.00,0.95,0.8,16,280,17,46,55,70,3,32,3,23,10
292,0,-78.80,-78.800000,0,-0.581121,0,0,1.3483,1,0.75,1.00,2.00,1.25,0.65,1.4,40,320,22,39,60,55,6,32,7,22,11
260,0,0.00,0,,0,0,0,0.0000,0,0.25,2.75,4.25,1.00,1.35,1.2,18,300,12,35,53,80,7,28,8,19,20
253,0,0.00,0,,0,0,0,0.0000,0,1.50,1.00,2.25,2.00,0.65,1.3,40,200,21,37,58,45,8,38,9,13,15
252,0,306.28,306.280000,0,1.387640,0.034773,0,2.1879,1,1.75,1.50,3.75,2.00,0.25,1.5,16,240,21,37,62,40,3,12,3,0,8
245,0,0.00,0,,0,0,0,0.0000,0,2.75,2.50,1.75,2.50,0.35,1.2,28,180,10,40,59,35,5,16,8,10,10
237,0,151.20,151.200000,0,0.884831,0.034025,0,1.6972,1,2.50,2.75,1.75,1.75,0.75,1.9,26,140,20,36,63,50,6,34,10,17,8
228,0,0.00,0,,0,0,0,0.0000,0,2.00,1.25,5.00,2.50,1.15,1.0,22,200,19,35,62,65,5,16,6,18,22
221,0,0.00,0,,0,0,0,0.0000,0,2.50,1.25,3.50,2.25,0.25,0.9,16,220,21,40,56,75,2,14,3,6,15
220,0,346.80,346.800000,0,1.146067,0.034482,0,2.9899,1,2.00,1.25,2.25,3.00,1.45,2.0,10,220,12,38,58,75,2,18,10,0,15
213,0,0.00,0,,0,0,0,0.0000,0,2.50,2.00,5.00,0.50,0.45,1.7,10,300,13,42,58,45,8,14,4,6,10
212,0,0.00,0,,0,0,0,0.0000,0,1.75,3.00,3.50,3.00,1.15,1.4,28,200,14,39,57,75,2,36,6,14,16
204,0,-183.15,-183.150000,0,-0.900442,-0.454098,0,2.0299,1,1.75,2.75,1.75,3.00,1.45,2.0,10,300,11,37,52,80,5,24,6,21,22
197,0,0.00,0,,0,0,0,0.0000,0,0.50,2.00,4.75,1.25,0.55,0.8,40,280,18,39,52,80,7,10,9,18,17
179,0,602.14,200.713333,0,2.316992,0.654517,0,2.5077,3,2.00,1.50,4.25,2.00,0.35,1.4,22,260,22,36,54,75,2,30,7,22,18
163,0,0.00,0,,0,0,0,0.0000,0,2.00,3.00,2.50,1.75,1.15,1.3,16,300,17,41,54,40,8,16,7,5,14
155,0,-220.50,-220.500000,0,-0.506897,-0.028452,0,4.2587,1,2.00,1.00,3.75,2.50,0.85,1.5,24,120,12,36,54,45,3,22,10,8,12
154,0,0.00,0,,0,0,0,0.0000,0,2.75,1.00,5.00,2.75,0.35,0.9,36,140,18,46,64,70,8,24,10,11,16
146,0,4.80,4.800000,0,0.095541,0,0,0.5012,1,1.50,2.50,4.25,0.50,0.65,1.8,40,240,16,40,53,45,2,12,3,21,14
138,0,630.12,630.120000,0,1.500000,0.034855,0,4.1316,1,2.75,1.25,4.75,1.25,0.75,1.2,24,160,18,36,52,40,8,34,10,1,11
122,0,-40.32,-40.320000,0,-0.307317,0,0,1.3002,1,3.00,2.50,2.75,0.50,1.05,2.0,26,120,18,40,62,60,7,32,10,19,9
115,0,379.86,189.930000,0,1.481976,0.066292,0,2.4912,2,2.00,1.50,1.50,2.25,0.95,0.9,28,260,18,35,59,40,3,40,2,13,9
114,0,0.00,0,,0,0,0,0.0000,0,0.50,1.00,2.00,1.75,1.55,2.0,10,260,15,41,64,50,4,20,2,12,16
107,0,0.00,0,,0,0,0,0.0000,0,2.25,1.00,5.00,1.25,1.25,0.9,28,300,13,42,60,65,7,36,2,19,23
106,0,452.40,452.400000,0,2.191011,0.035600,0,2.0479,1,3.00,2.75,4.25,1.25,1.35,1.0,16,300,22,39,63,40,4,22,4,11,9
98,0,0.00,0,,0,0,0,0.0000,0,0.75,1.00,3.50,2.50,0.55,1.5,32,140,22,43,54,70,6,12,6,11,13
83,0,0.00,0,,0,0,0,0.0000,0,2.50,1.50,4.25,2.50,0.25,1.4,14,240,19,41,61,80,6,36,10,7,8
82,0,0.00,0,,0,0,0,0.0000,0,1.25,3.00,2.75,1.75,0.55,1.4,12,280,16,37,58,60,5,18,2,10,13
75,0,0.00,0,,0,0,0,0.0000,0,3.00,3.00,2.25,0.75,0.25,1.7,38,160,13,36,56,45,2,32,7,21,23
66,0,104.65,104.650000,0,1.278090,0.034670,0,0.8161,1,0.75,1.75,2.50,2.25,0.55,1.9,38,280,20,35,63,65,3,18,7,19,9
57,0,76.30,76.300000,0,0.612360,0.033149,0,1.2398,1,2.00,3.00,3.25,0.75,0.45,2.0,24,220,21,38,57,30,3,24,2,0,14
33,0,0.00,0,,0,0,0,0.0000,0,1.50,2.75,1.75,2.75,1.45,1.7,26,240,21,36,58,30,5,38,2,11,15
9,0,0.00,0,,0,0,0,0.0000,0,1.50,1.00,4.00,0.75,0.85,0.9,38,280,19,38,54,80,7,36,10,18,22
8,0,453.24,113.310000,0,3.337555,1.150580,0,1.3299,4,1.50,2.25,4.50,2.00,0.25,0.9,34,280,17,36,58,80,2,40,5,11,23
331,0,193.56,96.780000,0,2.471399,0.360959,0,0.7759,2,1.25,3.00,3.25,2.25,0.65,1.8,32,320,13,39,55,30,7,40,3,20,11
330,0,91.68,91.680000,0,0.317276,0.102885,0,2.8400,1,2.00,2.50,4.25,2.50,1.25,2.0,14,220,16,45,58,60,4,20,9,4,16
322,0,0.00,0,,0,0,0,0.0000,0,2.25,2.25,3.25,2.75,1.25,1.8,36,200,19,43,54,50,5,38,8,10,13
306,0,45.56,45.560000,0,0.752809,0.033683,0,0.6037,1,1.00,3.00,1.50,2.25,0.65,1.3,40,220,11,38,62,65,1,38,3,21,11
299,0,-92.72,-92.720000,0,-0.462121,0,0,1.9850,1,2.50,1.75,1.50,0.50,1.35,1.9,10,300,20,43,53,30,5,12,7,23,14
291,0,0.00,0,,0,0,0,0.0000,0,2.75,3.00,2.50,0.75,1.15,1.8,30,320,9,45,64,55,7,10,9,19,18
274,0,0.00,0,,0,0,0,0.0000,0,1.75,1.25,2.25,1.50,1.35,1.9,18,240,19,40,60,65,4,36,10,10,16
267,0,0.00,0,,0,0,0,0.0000,0,1.50,1.00,4.25,1.00,0.45,1.8,24,320,14,40,59,30,4,32,3,13,14
266,0,0.00,0,,0,0,0,0.0000,0,2.75,1.75,3.25,2.75,0.65,1.4,10,300,15,46,64,65,6,14,7,12,16
258,0,1634.59,181.621111,0,5.960219,3.380682,0,2.4363,9,2.75,2.75,4.00,1.25,0.85,1.9,40,260,8,46,62,75,7,30,4,19,8
251,0,0.00,0,,0,0,0,0.0000,0,2.50,2.50,3.50,1.25,1.35,1.2,28,180,10,35,65,35,1,34,8,17,23
242,0,273.24,273.240000,0,1.668539,0.035007,0,1.6270,1,1.50,1.75,3.25,2.75,1.35,1.0,38,220,20,42,54,75,3,12,7,1,15
234,0,0.00,0,,0,0,0,0.0000,0,2.75,2.75,3.00,3.00,1.15,1.3,26,200,11,36,62,75,1,36,3,13,13
219,0,93.84,93.840000,0,1.146067,0.034503,0,0.8161,1,1.00,2.25,2.25,2.50,0.95,1.7,30,280,13,41,56,75,3,12,4,22,11
211,0,760.32,760.320000,0,1.668539,0.034979,0,4.4755,1,3.00,1.25,3.25,1.50,1.15,1.3,34,300,13,36,58,45,1,22,2,3,12
203,0,0.00,0,,0,0,0,0.0000,0,1.75,1.50,3.75,2.00,0.95,1.2,12,120,21,38,55,30,6,10,4,9,19
195,0,1852.70,308.783333,0,5.471810,1.430363,0,3.1845,6,2.25,1.50,3.50,1.75,1.55,1.4,18,300,19,43,55,50,4,12,6,16,11
190,0,-289.59,-289.590000,0,-0.581121,0,0,4.8814,1,2.75,1.00,5.00,2.25,0.85,1.1,20,260,16,40,62,70,6,24,3,19,9
165,0,0.00,0,,0,0,0,0.0000,0,2.50,1.25,4.50,2.75,1.15,1.5,40,240,20,41,58,45,3,30,7,6,10
164,0,-54.39,-54.390000,0,-0.506897,-0.028172,0,1.0674,1,0.50,1.00,1.75,2.75,0.45,1.6,12,240,13,38,53,40,6,20,3,8,15
158,0,0.00,0,,0,0,0,0.0000,0,2.50,1.75,4.25,0.75,0.65,1.6,22,160,18,37,55,65,7,28,3,4,14
151,0,131.10,131.100000,0,2.455056,0.042013,0,0.5329,1,0.50,1.75,4.75,3.00,1.25,1.7,36,120,20,41,62,50,8,18,3,22,14
135,0,0.00,0,,0,0,0,0.0000,0,1.50,1.50,1.75,3.00,0.55,1.5,38,160,18,39,59,55,3,12,7,16,23
134,0,93.89,93.890000,0,2.602273,0.109366,0,0.3595,1,0.50,1.50,3.00,3.00,0.45,1.5,40,120,11,37,57,35,1,26,8,5,15
127,0,0.00,0,,0,0,0,0.0000,0,0.50,2.00,3.25,2.50,1.55,1.0,24,240,17,42,60,50,1,10,6,20,18
119,0,0.00,0,,0,0,0,0.0000,0,2.25,1.50,2.00,1.00,1.35,2.0,22,240,19,37,64,50,7,28,7,15,23
102,0,0.00,0,,0,0,0,0.0000,0,2.50,1.75,5.00,2.75,0.65,1.6,36,200,21,45,63,65,8,22,9,12,16
95,0,265.53,265.530000,0,1.407303,0.034795,0,1.8727,1,2.50,2.50,2.75,1.25,1.35,1.9,10,260,14,38,53,40,7,24,10,2,9
79,0,189.17,94.585000,0,1.346406,0.041907,0,1.3963,2,1.75,2.50,4.00,2.00,0.85,0.8,20,220,10,40,63,65,4,24,5,3,16
71,0,203.28,203.280000,0,1.359551,0.034751,0,1.4863,1,2.00,2.50,4.75,1.25,0.95,2.0,32,200,20,38,60,55,3,28,4,22,12
62,0,0.00,0,,0,0,0,0.0000,0,1.25,2.25,2.50,2.50,1.45,1.3,38,260,22,44,55,45,5,32,9,4,15
47,0,115.50,57.750000,0,1.055759,0.103187,0,1.0851,2,0.75,2.00,2.75,1.50,1.35,1.7,34,320,22,48,58,35,4,26,7,1,13
39,0,0.00,0,,0,0,0,0.0000,0,2.25,2.00,2.00,1.00,0.35,1.0,38,280,11,37,54,50,3,10,9,11,15
31,0,160.32,160.320000,0,1.407303,0.034802,0,1.1340,1,0.75,1.25,2.75,2.75,1.15,2.0,30,140,21,42,55,50,5,14,2,3,13
22,0,0.00,0,,0,0,0,0.0000,0,0.75,2.50,2.75,2.25,1.35,1.0,18,320,17,44,59,35,7,38,5,11,15
15,0,84.16,84.160000,0,0.738764,0.033633,0,1.1340,1,0.75,1.25,3.50,1.00,0.25,1.3,12,280,19,36,55,40,4,26,5,2,13
7,0,1050.45,525.225000,0,2.950702,0.385999,0,3.4345,2,2.75,1.50,4.50,2.00,1.25,1.3,14,180,17,41,58,45,3,32,4,22,9
1,0,0.00,0,,0,0,0,0.0000,0,3.00,1.50,4.00,0.50,1.55,1.5,26,120,20,45,58,35,7,24,7,7,11
328,0,36.80,36.800000,0,2.584270,0.045161,0,0.1423,1,0.25,3.00,5.00,1.75,1.45,1.4,18,120,19,37,57,45,6,32,8,3,14
312,0,231.04,231.040000,0,1.014045,0.034281,0,2.2579,1,3.00,2.50,2.00,2.75,0.95,1.5,32,300,11,37,59,80,8,20,8,3,15
297,0,0.00,0,,0,0,0,0.0000,0,1.75,3.00,2.75,1.75,0.55,1.4,28,180,10,47,60,30,5,16,8,8,8
281,0,0.00,0,,0,0,0,0.0000,0,3.00,2.75,1.75,0.50,1.35,1.2,26,260,18,40,56,45,1,10,10,13,12
280,0,242.88,121.440000,0,2.274157,0.323025,0,1.0567,2,1.25,2.25,3.25,1.00,1.35,1.6,30,120,11,36,59,80,6,28,4,23,10
273,0,0.00,0,,0,0,0,0.0000,0,0.50,1.50,2.25,2.00,0.45,0.8,36,280,14,48,60,75,1,10,3,11,22
272,0,0.00,0,,0,0,0,0.0000,0,2.50,2.00,2.00,0.75,0.95,1.3,16,180,21,37,63,55,5,30,3,5,12
265,0,280.80,280.800000,0,1.643258,0.034989,0,1.6972,1,2.25,2.50,5.00,2.25,0.55,0.9,10,120,21,41,59,70,1,26,5,23,15
264,0,191.55,95.775000,0,0.911969,0.095393,0,2.0625,2,2.75,2.50,4.75,0.75,0.25,1.1,26,300,20,44,56,65,2,34,6,20,15
257,0,0.00,0,,0,0,0,0.0000,0,1.75,2.25,4.00,2.25,0.75,1.6,14,240,9,48,61,60,2,16,8,9,10
240,0,186.90,186.900000,0,1.500000,0.034883,0,1.2398,1,2.00,3.00,4.50,1.50,0.75,1.3,32,280,13,36,64,30,4,30,4,20,16
224,0,0.00,0,,0,0,0,0.0000,0,3.00,2.25,2.00,0.75,0.75,1.3,32,120,18,42,54,75,1,30,9,9,15
200,0,-264.48,-264.480000,0,-0.966667,-0.059557,0,2.7335,1,2.50,2.25,2.50,1.75,0.85,1.8,38,120,17,48,58,45,5,38,4,6,11
194,0,162.36,54.120000,0,0.633996,0.164395,0,2.5210,3,2.50,2.50,1.75,2.50,1.55,1.1,26,300,11,48,63,35,6,38,4,10,15
181,0,0.00,0,,0,0,0,0.0000,0,1.00,1.00,3.50,2.00,1.35,0.9,14,260,21,39,61,30,7,30,8,18,23
173,0,109.99,54.995000,0,1.471241,0.101314,0,0.7414,2,1.00,2.50,1.50,1.75,1.45,1.7,30,320,11,47,64,60,6,20,9,1,11
172,0,0.00,0,,0,0,0,0.0000,0,0.25,2.25,1.50,2.00,1.45,1.9,16,120,8,35,52,45,2,10,2,20,20
157,0,0.00,0,,0,0,0,0.0000,0,3.00,2.25,3.25,2.25,0.75,1.7,28,320,18,40,57,55,8,10,2,0,17
156,0,5.78,5.780000,0,0.216561,0,0,0.2666,1,0.50,1.50,2.50,0.50,0.55,1.5,40,320,13,40,54,65,3,12,9,20,13
148,0,0.00,0,,0,0,0,0.0000,0,0.75,1.75,2.00,1.25,1.35,1.3,26,140,14,39,55,30,6,20,9,7,9
133,0,-572.99,-286.495000,0,-0.909349,-0.547005,0,6.2653,2,2.75,2.25,2.75,2.50,1.25,0.9,30,300,22,42,61,70,2,38,2,7,18
125,0,233.26,233.260000,0,0.612360,0.033126,0,3.7522,1,3.00,1.50,4.50,1.00,0.45,1.4,30,260,16,44,61,80,3,20,2,3,11
124,0,112.29,56.145000,0,1.966894,0.345410,0,0.5678,2,0.50,1.75,3.00,3.00,1.55,1.6,36,240,20,44,55,40,7,22,10,22,9
117,0,337.08,337.080000,0,1.786517,0.035080,0,1.8727,1,2.50,2.50,4.50,2.50,0.35,1.3,14,320,16,35,56,65,8,38,2,18,11
109,0,-24.66,-24.660000,0,-0.858038,-0.197742,0,0.2873,1,0.25,2.75,5.00,1.75,0.95,2.0,32,180,20,41,63,50,7,22,10,6,19
101,0,-181.80,-181.800000,0,-0.816712,-0.346846,0,2.2170,1,1.75,2.00,4.00,0.50,1.05,2.0,34,260,21,41,65,70,4,16,10,8,19
92,0,132.30,132.300000,0,0.884831,0.034027,0,1.4863,1,2.00,2.50,1.75,3.00,1.35,1.5,14,240,18,36,63,60,1,20,10,17,14
76,0,624.00,624.000000,0,2.191011,0.035569,0,2.8160,1,3.00,2.00,4.25,1.75,1.25,1.4,28,180,17,44,60,60,4,16,2,22,13
69,0,0.00,0,,0,0,0,0.0000,0,2.00,1.00,3.25,0.50,0.25,1.0,12,280,18,38,55,60,7,10,9,14,10
53,0,591.18,591.180000,0,1.407303,0.034773,0,4.1316,1,2.75,1.25,2.75,3.00,1.45,1.6,22,120,19,38,53,50,1,28,2,20,14
52,0,0.00,0,,0,0,0,0.0000,0,2.75,2.25,2.75,2.25,0.25,0.8,26,300,14,42,64,65,5,24,7,12,12
44,0,0.00,0,,0,0,0,0.0000,0,0.25,2.50,2.00,2.50,1.45,2.0,32,120,17,44,61,40,5,36,2,14,16
36,0,477.84,238.920000,0,1.973893,0.388123,0,2.3437,2,2.50,2.00,2.00,2.25,0.55,1.7,32,200,19,42,56,80,7,32,10,0,11
29,0,868.80,434.400000,0,2.185770,0.349450,0,3.8272,2,2.50,1.25,3.25,3.00,1.45,1.7,14,200,10,35,59,45,8,40,3,23,9
28,0,0.00,0,,0,0,0,0.0000,0,2.75,2.75,4.25,1.75,1.45,1.1,12,280,22,43,54,75,7,20,10,10,16
21,0,735.46,147.092000,0,5.121588,1.688957,0,1.4136,5,2.00,3.00,4.50,1.50,0.65,1.2,18,200,19,37,54,30,5,32,9,14,8
20,0,0.00,0,,0,0,0,0.0000,0,2.00,2.25,3.75,1.75,0.25,0.9,34,300,19,42,54,65,7,28,3,11,11
12,0,460.32,460.320000,0,1.539326,0.034899,0,2.9552,1,2.75,1.75,3.00,2.75,1.25,1.8,40,160,21,39,60,50,1,14,6,19,17
4,0,0.00,0,,0,0,0,0.0000,0,2.25,3.00,1.50,3.00,0.55,1.8,34,200,21,46,61,50,1,10,5,16,18
0,0,0.00,0,,0,0,0,0.0000,0,0.50,2.75,3.25,1.50,1.25,1.6,16,220,19,41,54,70,7,10,2,3,12
